Número do cadastro;Número da portaria;Nome do usuário de água;Natureza da intervenção;Tipo da Fonte de Captação;Tipo de Intervenção;Classificação;Status;Observação;Data de início do cadastro;Data de saída do processo;Vazão média;Vazão máxima;Unidade de medida da vazão;Volume normal armazenado (m³);Finalidades de Uso;Bacia Hidrográfica;Corpo Hídrico;Sistema Aquífero;Município;Nome da Geometria;Latitude;Longitude;Latitude (ponto final);Longitude (ponto final)
2020/006.741;-;CONSTRUNÍVEL ENERGIAS RENOVÁVEIS LTDA;Água Superficial;Barragem de nível;Cadastro apenas da barragem;Cadastro;Aguardando análise;-;01/05/2020;01/05/2020;-;-;-;0;Aproveitamento hidrelétrico;Bacia Hidrográfica dos Rios Apuaê - Inhandava;Arroio da Glória;-;Pinhal da Serra;Ponto central do barramento;"-51,2448983019806";"-27,8099371429907";-;-
2020/006.277;-;Fernando Isoton;Água Superficial;Barragem de nível;Cadastro apenas da barragem;Cadastro;Concluído;-;24/04/2020;27/04/2020;-;-;-;0;Aproveitamento hidrelétrico;Bacia Hidrográfica do Rio Ibicuí;Rio Toropi-Mirim;-;Quevedos;Ponto 1;"-54,1755";"-29,3524";-;-
2020/005.099;O-000.870/2020;BT GERADORA DE ENERGIA ELETRICA S.A.;Água Superficial;Barragem de nível;Cadastro apenas da barragem;Outorga;Concedida;-;27/03/2020;24/04/2020;-;-;-;3257500;Aproveitamento hidrelétrico;Bacia Hidrográfica do Rio da Várzea;Rio Guarita;-;Erval Seco;Ponto 1;"-53,5789";"-27,5612";-;-
2020/002.905;-;HDE 01 PARTICIPACOES SOCIETARIAS EIRELI;Água Superficial;Barragem de acumulação;Cadastro apenas da barragem;Cadastro;Concluído;-;20/02/2020;28/02/2020;-;-;-;15000;Aproveitamento hidrelétrico;Bacia Hidrográfica do Rio Taquari-Antas;Arroio São Marcos;-;Caxias do Sul;Ponto 1;"-51,0080409049988";"-29,0231519320435";-;-
2020/002.866;-;LINHA ONZE OESTE ENERGIA LTDA;Água Superficial;Barragem de nível;Cadastro apenas da barragem;Cadastro;Aguardando análise;-;19/02/2020;19/02/2020;-;-;-;"1141579,48";Aproveitamento hidrelétrico;Bacia Hidrográfica do Rio Ijuí;Rio Ijuí;-;Coronel Barros;Ponto 1;"-54,0045500199785";"-28,3511124417778";-;-
2020/002.683;-;Cooperativa de Geração de Energia e Desenvolvimento Social LTDA;Água Superficial;Barragem de nível;Cadastro apenas da barragem;Cadastro;Aguardando formalização de documentos;-;17/02/2020;05/03/2020;-;-;-;79464;Aproveitamento hidrelétrico;Bacia Hidrográfica dos Rios Turvo - Santa Rosa - Santo Cristo;Rio Buricá;-;Chiapetta;Ponto 1;"-53,9701307613505";"-27,9612491935233";-;-
2020/001.754;-;BORTOLON AGROCOMERCIAL EIRELI;Água Superficial;Barragem de acumulação;Cadastro apenas da barragem;Cadastro;Em análise;-;31/01/2020;06/04/2020;-;-;-;"20588,4";Aproveitamento hidrelétrico;Bacia Hidrográfica dos Rios Apuaê - Inhandava;Rio Socorro;-;Vacaria;Ponto 1;"-50,8559701377817";"-28,2990821433521";-;-
2020/001.523;R-000.836/2020;ENERBIO SERVICOS DE ENGENHARIA LTDA;Água Superficial;Barragem de nível;Cadastro apenas da barragem;Reserva de disponibilidade hídrica;Concedida;-;28/01/2020;09/04/2020;-;-;-;300000;Aproveitamento hidrelétrico;Bacia Hidrográfica do Rio da Várzea;Rio Fortaleza;-;Erval Seco;Ponto 1;"-53,5472";"-27,4186";-;-
2020/001.400;-;BARRA DOS CAIXÕES EMPREENDIMENTOS EM ENERGIA LTDA;Água Superficial;Barragem de acumulação;Cadastro apenas da barragem;Cadastro;Concluído;-;24/01/2020;24/01/2020;-;-;-;23720000;Aproveitamento hidrelétrico;Bacia Hidrográfica do Alto Jacuí;Rio Jacuizinho;-;Arroio do Tigre;Ponto 1;"-53,0740928649902";"-29,1970141088696";-;-
2020/001.393;-;LAGOÃO EMPREENDIMENTOS EM ENERGIA LTDA;Água Superficial;Barragem de acumulação;Cadastro apenas da barragem;Cadastro;Concluído;-;24/01/2020;24/01/2020;-;-;-;4830000;Aproveitamento hidrelétrico;Bacia Hidrográfica do Alto Jacuí;Rio Jacuizinho;-;Arroio do Tigre;Ponto 1;"-53,0951642990112";"-29,2077653808761";-;-
2020/001.383;-;FLORESTA EMPREENDIMENTOS EM ENERGIA S/A;Água Superficial;Barragem de acumulação;Cadastro apenas da barragem;Cadastro;Concluído;-;24/01/2020;24/01/2020;-;-;-;13760000;Aproveitamento hidrelétrico;Bacia Hidrográfica do Alto Jacuí;Rio Jacuizinho;-;Arroio do Tigre;Ponto 1;"-53,143036365509";"-29,2995360263117";-;-
2020/001.330;-;TAQUARAL EMPREENDIMENTOS EM ENERGIA LTDA;Água Superficial;Barragem de acumulação;Cadastro apenas da barragem;Cadastro;Concluído;-;23/01/2020;23/01/2020;-;-;-;13000000;Aproveitamento hidrelétrico;Bacia Hidrográfica do Alto Jacuí;Rio Jacuizinho;-;Arroio do Tigre;Ponto 1;"-53,1617045402527";"-29,3237847550153";-;-
2020/000.802;-;CONSTRUNÍVEL ENERGIAS RENOVÁVEIS LTDA;Água Superficial;Barragem de nível;Cadastro apenas da barragem;Cadastro;Desativado;-;16/01/2020;16/01/2020;-;-;-;0;Aproveitamento hidrelétrico;Bacia Hidrográfica dos Rios Apuaê - Inhandava;Arroio da Glória;-;Pinhal da Serra;Ponto Barramento;"-51,2446845106991";"-27,8099241856622";-;-
2020/000.536;-;USINA HIDRELETRICA SUZANA I LTDA;Água Superficial;Barragem de nível;Cadastro apenas da barragem;Cadastro;Aguardando alterações de dados inconsistentes;-;13/01/2020;16/01/2020;-;-;-;"219852,32";Aproveitamento hidrelétrico;Bacia Hidrográfica dos Rios Apuaê - Inhandava;Rio Suzana;-;Gaurama;Centro barramento;"-52,082783435041";"-27,5152597908802";-;-
2020/000.360;O-000.645/2020;COOPERATIVA DE DESENVOLVIMENTO SOCIAL ENTRE RIOS LTDA.;Água Superficial;Barragem de nível;Cadastro apenas da barragem;Outorga;Concedida;-;09/01/2020;02/03/2020;-;-;-;280000;Aproveitamento hidrelétrico;Bacia Hidrográfica dos Rios Turvo - Santa Rosa - Santo Cristo;Rio Buricá;-;Inhacorá;Ponto 1;"-54,1075158119202";"-27,8971975174369";-;-
2020/000.225;-;ALOIRI PAULO FRIGO;Água Superficial;Barragem de nível;Cadastro apenas da barragem;Cadastro;Concluído;-;07/01/2020;17/02/2020;-;-;-;950;Aproveitamento hidrelétrico;Bacia Hidrográfica do Rio Taquari-Antas;Arroio Barra Grande;-;Paraí;Ponto Centro Barragem;"-51,8270532550477";"-28,6557368700625";-;-
2019/025.605;R-000.837/2020;CONSTRUNÍVEL ENERGIAS RENOVÁVEIS LTDA;Água Superficial;Barragem de acumulação;Cadastro apenas da barragem;Reserva de disponibilidade hídrica;Concedida;-;17/12/2019;08/04/2020;-;-;-;0;Aproveitamento hidrelétrico;Bacia Hidrográfica dos Rios Apuaê - Inhandava;Arroio da Glória;-;Pinhal da Serra;Ponto 1;"-51,2537617065137";"-27,8221323593531";-;-
2019/025.588;-;CONSTRUNÍVEL ENERGIAS RENOVÁVEIS LTDA;Água Superficial;Barragem de nível;Cadastro apenas da barragem;Cadastro;Desativado;-;17/12/2019;17/12/2019;-;-;-;0;Aproveitamento hidrelétrico;Bacia Hidrográfica dos Rios Apuaê - Inhandava;Arroio da Glória;-;Pinhal da Serra;Ponto do Barramento CGH São Jorge;"-51,2537617065137";"-27,8221323593531";-;-
2019/025.332;-;CONSTRUNÍVEL ENERGIAS RENOVÁVEIS LTDA;Água Superficial;Barragem de nível;Cadastro apenas da barragem;Cadastro;Desativado;-;16/12/2019;16/12/2019;-;-;-;0;Aproveitamento hidrelétrico;Bacia Hidrográfica dos Rios Apuaê - Inhandava;Arroio da Glória;-;Pinhal da Serra;Ponto do barramento CGH São Jorge;"-51,2537617065137";"-27,8221323593531";-;-
2019/024.861;-;Bernardo José Geração de Energia Ltda;Água Superficial;Barragem de nível;Cadastro apenas da barragem;Cadastro;Concluído;-;10/12/2019;24/03/2020;-;-;-;2408;Aproveitamento hidrelétrico;Bacia Hidrográfica dos Rios Apuaê - Inhandava;Rio Bernardo José;-;Pinhal da Serra;Ponto 1;"-51,3604";"-27,8621";-;-
2019/024.217;-;CGH STASIAK USINA HIDRELETRICA LTDA;Água Superficial;Barragem de nível;Cadastro apenas da barragem;Cadastro;Concluído;-;03/12/2019;03/12/2019;-;-;-;100;Aproveitamento hidrelétrico;Bacia Hidrográfica dos Rios Turvo - Santa Rosa - Santo Cristo;Rio Comandaí;-;Sete de Setembro;Ponto 1;"-54,4622222222222";"-28,1269444444444";-;-
2019/023.469;R-000.838/2020;ENERBIO SERVICOS DE ENGENHARIA LTDA;Água Superficial;Barragem de nível;Cadastro apenas da barragem;Reserva de disponibilidade hídrica;Concedida;-;25/11/2019;15/04/2020;-;-;-;799473;Aproveitamento hidrelétrico;Bacia Hidrográfica do Rio Taquari-Antas;Arroio São Marcos;-;São Marcos;Ponto 1;"-51,122088432312";"-29,0186486903895";-;-
2019/022.994;O-000.629/2020;ALS GERAÇÃO DE ENERGIA SPE LTDA;Água Superficial;Barragem de nível;Cadastro apenas da barragem;Outorga;Concedida;-;20/11/2019;21/02/2020;-;-;-;145515;Aproveitamento hidrelétrico;Bacia Hidrográfica do Rio Taquari-Antas;Arroio Estrela;-;Estrela;Ponto 1;"-51,9057440757751";"-29,5213386449137";-;-
2019/022.169;-;GUARITA GERADORA DE ENERGIA LTDA;Água Superficial;Barragem de nível;Cadastro apenas da barragem;Cadastro;Aguardando alterações de dados inconsistentes;-;11/11/2019;10/02/2020;-;-;-;"412937,08";Aproveitamento hidrelétrico;Bacia Hidrográfica do Rio da Várzea;Rio Guarita;-;Erval Seco;Ponto 1;"-53,5819444444444";"-27,59";-;-
2019/021.472;-;Cooperativa de Geração de Energia e Desenvolvimento Social LTDA;Água Superficial;Barragem de nível;Cadastro apenas da barragem;Cadastro;Aguardando alterações de dados inconsistentes;-;31/10/2019;05/11/2019;-;-;-;"429589,88";Aproveitamento hidrelétrico;Bacia Hidrográfica do Rio Ijuí;Rio Conceição;-;Coronel Barros;Ponto 1;"-54,0438";"-28,4082";-;-
2019/021.194;R-000.900/2020;EUGENIO DE CASTRO GERACAO E COMERCIO DE ENERGIA ELETRICA LTDA;Água Superficial;Barragem de nível;Cadastro apenas da barragem;Reserva de disponibilidade hídrica;Concedida;-;29/10/2019;27/04/2020;-;-;-;"445963,77";Aproveitamento hidrelétrico;Bacia Hidrográfica do Rio Ijuí;Rio Ijuizinho;-;Eugênio de Castro;Ponto 1;"-54,1852040655927";"-28,5427428128476";-;-
2019/020.046;R-000.839/2020;Vertente Engenharia Ltda;Água Superficial;Barragem de nível;Cadastro apenas da barragem;Reserva de disponibilidade hídrica;Concedida;-;15/10/2019;14/04/2020;-;-;-;2099000;Aproveitamento hidrelétrico;Bacia Hidrográfica dos Rios Apuaê - Inhandava;Rio Forquilha ou Inhandava;-;Maximiliano de Almeida;Ponto 1;"-51,7387559110648";"-27,6282253835692";-;-
2019/017.271;-;José Guilherme Antloga do Nascimento;Água Superficial;Barragem de nível;Cadastro apenas da barragem;Cadastro;Concluído;-;12/09/2019;12/09/2019;-;-;-;4090000000;Aproveitamento hidrelétrico;Bacia Hidrográfica dos Rios Turvo - Santa Rosa - Santo Cristo;Rio Turvo;-;Três Passos;Eixo da barragem;"-53,8421702384949";"-27,4463170394105";-;-
2019/017.138;-;José Guilherme Antloga do Nascimento;Água Superficial;Barragem de nível;Cadastro apenas da barragem;Cadastro;Concluído;-;10/09/2019;12/09/2019;-;-;-;8500000000;Aproveitamento hidrelétrico;Bacia Hidrográfica dos Rios Turvo - Santa Rosa - Santo Cristo;Rio Turvo;-;Miraguaí;Eixo da barragem;"-53,8138461112976";"-27,485842106177";-;-
2019/014.749;R-000.523/2020;Aecogeo Soluções Ambientais Ltda;Água Superficial;Barragem de acumulação;Cadastro apenas da barragem;Reserva de disponibilidade hídrica;Concedida;-;09/08/2019;08/01/2020;-;-;-;"1681,8";Aproveitamento hidrelétrico;Bacia Hidrográfica do Rio Taquari-Antas;Arroio Pedras Brancas;-;Campestre da Serra;Ponto 1;"-51,1291666666667";"-28,8130555555556";-;-
2019/013.774;-;Esmeralda S/A;Água Superficial;Barragem de nível;Cadastro apenas da barragem;Cadastro;Concluído;-;29/07/2019;13/08/2019;-;-;-;1370000;Aproveitamento hidrelétrico;Bacia Hidrográfica dos Rios Apuaê - Inhandava;Rio Bernardo José;-;Pinhal da Serra;Ponto Central do Eixo da Barragem;"-51,3478016853333";"-27,7887827675864";-;-
2019/013.238;-;MERLIN EMPREENDIMENTOS - EIRELI;Água Superficial;Barragem de nível;Cadastro apenas da barragem;Cadastro;Concluído;-;22/07/2019;22/07/2019;-;-;-;40000;Aproveitamento hidrelétrico;Bacia Hidrográfica do Rio Passo Fundo;Rio Erexim;-;Ponte Preta;Ponto 1;"-52,5435090065002";"-27,6877463026546";-;-
2019/013.226;-;COOPERATIVA DE DISTRIBUICAO E GERACAO DE ENERGIA DAS MISSOES;Água Superficial;Barragem de acumulação;Cadastro apenas da barragem;Cadastro;Aguardando alterações de dados inconsistentes;-;22/07/2019;22/07/2019;-;-;-;2265;Aproveitamento hidrelétrico;Bacia Hidrográfica do Rio Ijuí;Rio Ijuizinho;-;Entre-Ijuís;Eixo (ponto central);"-54,3117928504944";"-28,4020085740672";-;-
2019/010.925;-;ALOIRI PAULO FRIGO;Água Superficial;Barragem de nível;Cadastro apenas da barragem;Cadastro;Concluído;-;19/06/2019;19/06/2019;-;-;-;0;Aproveitamento hidrelétrico;Bacia Hidrográfica do Rio Taquari-Antas;ARROIO BARRA GRANDE;-;Paraí;Ponto 1;"-51,8272";"-28,6557";-;-
2019/009.554;-;CRELUZ COOPERATIVA DE GERAÇÃO DE ENERGIA E DESENVOLVIMENTO;Água Superficial;Barragem de acumulação;Cadastro apenas da barragem;Cadastro;Concluído;-;29/05/2019;01/06/2019;-;-;-;12200;Aproveitamento hidrelétrico;Bacia Hidrográfica do Rio da Várzea;Rio Jaboticaba;-;Novo Tiradentes;Ponto 1;"-53,1882358806591";"-27,562339571135";-;-
2019/009.333;-;Vertente Engenharia Ltda;Água Superficial;Barragem de nível;Cadastro apenas da barragem;Cadastro;Concluído;-;27/05/2019;27/05/2019;-;-;-;3000;Aproveitamento hidrelétrico;Bacia Hidrográfica do Rio Taquari-Antas;Arroio Guacho;-;Campestre da Serra;Ponto 1;"-51,02319774629";"-28,8081108890092";-;-
2019/009.272;-;Enebras Projetos de Usinas Hidrelétricas Ltda.;Água Superficial;Barragem de nível;Cadastro apenas da barragem;Cadastro;Concluído;-;27/05/2019;27/05/2019;-;-;-;"8717516,26";Aproveitamento hidrelétrico;Bacia Hidrográfica do Rio Taquari-Antas;Rio Ituim;-;Ipê;PONTO CENTRAL BARRAGEM;"-51,3286111111111";"-28,5833333333333";-;-
2019/009.268;O-000.840/2020;RIO DO FRADE GERAÇÃO DE ENERGIA LTDA;Água Superficial;Barragem de nível;Cadastro apenas da barragem;Outorga;Concedida;-;27/05/2019;20/04/2020;-;-;-;14600;Aproveitamento hidrelétrico;Bacia Hidrográfica dos Rios Apuaê - Inhandava;Rio do Frade;-;Esmeralda;Ponto 1;"-51,0283870699641";"-28,0204617307276";-;-
2019/008.795;O-000.675/2020;LORENZ & FILHOS LTDA - EPP;Água Superficial;Barragem de nível;Cadastro apenas da barragem;Outorga;Concedida;-;20/05/2019;16/03/2020;-;-;-;1365;Aproveitamento hidrelétrico;Bacia Hidrográfica dos Rios Turvo - Santa Rosa - Santo Cristo;Lajeado Grande;-;Humaitá;Ponto 1;"-53,9703";"-27,5362";-;-
2019/008.576;-;ESB ENGENHARIA LTDA;Água Superficial;Barragem de nível;Cadastro apenas da barragem;Reserva de disponibilidade hídrica;Indeferida;-;16/05/2019;16/05/2019;-;-;-;"0,01";Aproveitamento hidrelétrico;Bacia Hidrográfica dos Rios Apuaê - Inhandava;Rio Apuaê ou Ligeiro;-;Sananduva;Ponto 1;"-51,9253";"-27,9046";-;-
2019/008.343;O-000.644/2020;X-6 Geração de Energia Eireli;Água Superficial;Barragem de nível;Cadastro apenas da barragem;Outorga;Concedida;-;14/05/2019;02/03/2020;-;-;-;154339;Aproveitamento hidrelétrico;Bacia Hidrográfica dos Rios Apuaê - Inhandava;Rio Socorro;-;Vacaria;Ponto 1;"-50,8651";"-28,3207";-;-
2019/007.767;-;ESB ENGENHARIA LTDA;Água Superficial;Barragem de nível;Cadastro apenas da barragem;Cadastro;Desativado;-;06/05/2019;16/05/2019;-;-;-;0;Aproveitamento hidrelétrico;Bacia Hidrográfica dos Rios Apuaê - Inhandava;Rio Apuaê ou Ligeiro;-;Sananduva;Ponto 1;"-51,9253";"-27,9046";-;-
2019/006.403;-;ENERGIA ECOSOCIAL LTDA;Água Superficial;Barragem de nível;Cadastro apenas da barragem;Cadastro;Concluído;-;17/04/2019;28/04/2020;-;-;-;1;Aproveitamento hidrelétrico;Bacia Hidrográfica do Rio Caí;Arroio Jacob;-;Morro Reuter;Ponto 1;"-51,00430727005";"-29,5380299201811";-;-
2019/006.177;-;CERFOX – COOPERATIVA DE GERAÇÃO E DESENVOLVIMENTO FONTOURA XAVIER;Água Superficial;Barragem de nível;Cadastro apenas da barragem;Cadastro;Aguardando alterações de dados inconsistentes;-;15/04/2019;13/11/2019;-;-;-;4250000;Aproveitamento hidrelétrico;Bacia Hidrográfica do Rio Taquari-Antas;Rio Forqueta;-;Arvorezinha;Ponto 1;"-52,2400975227356";"-28,9708271706572";-;-
2019/005.166;-;SILVEIRA II ENERGÉTICA S.A.;Água Superficial;Barragem de nível;Cadastro apenas da barragem;Cadastro;Em andamento;-;02/04/2019;02/04/2019;-;-;-;"458291,87";Aproveitamento hidrelétrico;Bacia Hidrográfica dos Rios Apuaê - Inhandava;Rio do Silveira;-;São José dos Ausentes;Ponto 1;"-49,9945306777954";"-28,5496954870663";-;-
2019/005.157;-;TOUROS V ENERGÉTICA S.A.;Água Superficial;Barragem de nível;Cadastro apenas da barragem;Cadastro;Aguardando análise;-;01/04/2019;10/02/2020;-;-;-;498110;Aproveitamento hidrelétrico;Bacia Hidrográfica dos Rios Apuaê - Inhandava;Rio dos Touros;-;Bom Jesus;Ponto 1;"-50,4245209693909";"-28,50290316766";-;-
2019/005.142;O-000.841/2020;TOUROS IV ENERGÉTICA S.A.;Água Superficial;Barragem de nível;Cadastro apenas da barragem;Outorga;Concedida;-;01/04/2019;20/04/2020;-;-;-;60590;Aproveitamento hidrelétrico;Bacia Hidrográfica dos Rios Apuaê - Inhandava;Rio dos Touros;-;Bom Jesus;Ponto 1;"-50,4083847999573";"-28,5267355342475";-;-
2019/004.975;-;PALOMA ENERGIA LTDA;Água Superficial;Barragem de nível;Cadastro apenas da barragem;Cadastro;Aguardando alterações de dados inconsistentes;-;29/03/2019;29/04/2020;-;-;-;61070;Aproveitamento hidrelétrico;Bacia Hidrográfica dos Rios Apuaê - Inhandava;Rio Palomas;-;Barra do Rio Azul;Ponto 1;"-52,3982405662537";"-27,3289150400905";-;-
2019/004.961;-;APS Construções EIRELI;Água Superficial;Barragem de nível;Cadastro apenas da barragem;Cadastro;Aguardando alterações de dados inconsistentes;-;29/03/2019;22/05/2019;-;-;-;"39455,75";Aproveitamento hidrelétrico;Bacia Hidrográfica do Rio Caí;Rio Piai;-;Caxias do Sul;Ponto 1;"-51,0092751160888";"-29,1671439641435";-;-
2019/004.535;R-000.868/2020;GERALUZ SERVIÇOS DE ENGENHARIA LTDA.;Água Superficial;Barragem de nível;Cadastro apenas da barragem;Reserva de disponibilidade hídrica;Concedida;-;22/03/2019;04/02/2020;-;-;-;1010000;Aproveitamento hidrelétrico;Bacia Hidrográfica do Rio Taquari-Antas;Rio da Prata;-;Nova Prata;Ponto 1;"-51,5466666666667";"-28,7419444444444";-;-
2019/004.299;R-000.898/2020;MINOZZO PARTICIPAÇÕES LTDA;Água Superficial;Barragem de nível;Cadastro apenas da barragem;Reserva de disponibilidade hídrica;Concedida;-;20/03/2019;29/04/2020;-;-;-;"34994,8";Aproveitamento hidrelétrico;Bacia Hidrográfica do Rio Taquari-Antas;Rio da Prata;-;Vila Flores;Ponto 1;"-51,4937996864319";"-28,8264405107931";-;-
2019/003.691;-;M. H.N GERACAO ELETRICA LTDA;Água Superficial;Barragem de nível;Cadastro apenas da barragem;Cadastro;Aguardando alterações de dados inconsistentes;-;08/03/2019;21/01/2020;-;-;-;"618,83";Aproveitamento hidrelétrico;Bacia Hidrográfica dos Rios Turvo - Santa Rosa - Santo Cristo;Lajeado Grande;-;Crissiumal;Ponto 1;"-54,1643786430359";"-27,4042327925508";-;-
2019/003.312;-;TOUROS III ENERGÉTICA S.A.;Água Superficial;Barragem de nível;Cadastro apenas da barragem;Cadastro;Aguardando alterações de dados inconsistentes;-;27/02/2019;20/02/2020;-;-;-;161000;Aproveitamento hidrelétrico;Bacia Hidrográfica dos Rios Apuaê - Inhandava;Sem denominação;-;Bom Jesus;Ponto 1;"-50,3776";"-28,5343";-;-
2019/003.240;-;ENERBIO SERVICOS DE ENGENHARIA LTDA;Água Superficial;Barragem de nível;Cadastro apenas da barragem;Reserva de disponibilidade hídrica;Indeferida;-;26/02/2019;28/01/2020;-;-;-;300000;Aproveitamento hidrelétrico;Bacia Hidrográfica do Rio da Várzea;Rio Fortaleza;-;Taquaruçu do Sul;Ponto 1;"-53,5472222222222";"-27,4186111111111";-;-
2019/002.997;O-000.899/2020;COPREL Cooperativa de Geração de Energia e Desenvolvimento;Água Superficial;Barragem de nível;Cadastro apenas da barragem;Outorga;Concedida;-;25/02/2019;30/04/2020;-;-;-;"604917,495";Aproveitamento hidrelétrico;Bacia Hidrográfica do Alto Jacuí;Rio Jacuí;-;Victor Graeff;Ponto 1;"-52,7264142036438";"-28,6717251018477";-;-
2019/002.931;-;TOUROS II ENERGÉTICA S.A.;Água Superficial;Barragem de nível;Cadastro apenas da barragem;Cadastro;Aguardando alterações de dados inconsistentes;-;22/02/2019;31/01/2020;-;-;-;24600;Aproveitamento hidrelétrico;Bacia Hidrográfica dos Rios Apuaê - Inhandava;Rio dos Touros;-;Bom Jesus;Ponto 1;"-50,3528";"-28,5774";-;-
2019/002.305;-;M. H.N GERACAO ELETRICA LTDA;Água Superficial;Barragem de nível;Cadastro apenas da barragem;Cadastro;Desativado;-;13/02/2019;13/02/2019;-;-;-;0;Aproveitamento hidrelétrico;Bacia Hidrográfica dos Rios Turvo - Santa Rosa - Santo Cristo;Lajeado Grande;-;Crissiumal;Ponto 1;"-54,1642799376132";"-27,4042556518659";-;-
2019/001.898;O-000.464/2019;CERQUINHA II ENERGÉTICA S.A.;Água Superficial;Barragem de nível;Cadastro apenas da barragem;Outorga;Concedida;-;06/02/2019;13/12/2019;-;-;-;"33506,93";Aproveitamento hidrelétrico;Bacia Hidrográfica dos Rios Apuaê - Inhandava;Arroio Cerquinha;-;Bom Jesus;Ponto 1;"-50,2411111111111";"-28,5325";-;-
2019/001.476;-;SILVEIRA III ENERGÉTICA S.A.;Água Superficial;Barragem de nível;Cadastro apenas da barragem;Reserva de disponibilidade hídrica;Indeferida;-;29/01/2019;06/02/2019;-;-;-;269500;Aproveitamento hidrelétrico;Bacia Hidrográfica dos Rios Apuaê - Inhandava;Rio do Silveira;-;São José dos Ausentes;Ponto 1;"-49,9897";"-28,5228";-;-
2019/001.440;-;M. H.N GERACAO ELETRICA LTDA;Água Superficial;Barragem de nível;Cadastro apenas da barragem;Cadastro;Desativado;-;29/01/2019;13/02/2019;-;-;-;0;Aproveitamento hidrelétrico;Bacia Hidrográfica dos Rios Turvo - Santa Rosa - Santo Cristo;Lajeado Grande;-;-;Ponto 1;"-54,1638888888889";"-27,4041666666667";-;-
2019/001.316;R-000.897/2020;OLFAR S/A ALIMENTO E ENERGIA;Água Superficial;Barragem de nível;Cadastro apenas da barragem;Reserva de disponibilidade hídrica;Concedida;-;25/01/2019;16/04/2020;-;-;-;2223000;Aproveitamento hidrelétrico;Bacia Hidrográfica do Rio Taquari-Antas;Sem denominação;-;Protásio Alves;Ponto 1;"-51,504034549107";"-28,7852920182863";-;-
2019/001.159;-;Enel Brasil S.A;Água Superficial;Barragem de acumulação;Cadastro apenas da barragem;Cadastro;Concluído;-;23/01/2019;02/10/2019;-;-;-;48770000;Aproveitamento hidrelétrico;Bacia Hidrográfica do Rio Taquari-Antas;Sem denominação;-;Fagundes Varela;Ponto 1;"-51,8058333333333";"-28,8941666666667";-;-
2019/001.003;-;COOPERATIVA DE DISTRIBUICAO E GERACAO DE ENERGIA DAS MISSOES;Água Superficial;Barragem de acumulação;Cadastro apenas da barragem;Outorga;Indeferida;-;20/01/2019;07/02/2019;-;-;-;2265;Aproveitamento hidrelétrico;Bacia Hidrográfica do Rio Ijuí;Sem denominação;-;Entre-Ijuís;Ponto 1;"-54,3119215965271";"-28,4018122755307";-;-
2019/000.653;-;APS Construções EIRELI;Água Superficial;Barragem de nível;Cadastro apenas da barragem;Cadastro;Aguardando alterações de dados inconsistentes;-;14/01/2019;15/04/2020;-;-;-;"22524,01";Aproveitamento hidrelétrico;Bacia Hidrográfica do Rio Caí;Rio Piai;-;Caxias do Sul;Ponto 1;"-51,0578484317457";"-29,1742686136754";-;-
2019/000.450;-;Hidropan Geração de Energia Elétrica S/A;Água Superficial;Barragem de acumulação;Cadastro apenas da barragem;Cadastro;Em andamento;-;10/01/2019;-;-;-;-;1732993;Aproveitamento hidrelétrico;Bacia Hidrográfica do Rio Ijuí;Lajeado Alegre;-;Condor;Ponto 1;"-53,4407014903283";"-28,2012457159401";-;-
2019/000.170;-;SILVEIRA III ENERGÉTICA S.A.;Água Superficial;Barragem de nível;Cadastro apenas da barragem;Cadastro;Concluído;-;07/01/2019;19/02/2020;-;-;-;269500;Aproveitamento hidrelétrico;Bacia Hidrográfica dos Rios Apuaê - Inhandava;Rio do Silveira;-;São José dos Ausentes;Ponto 3;"-49,9896";"-28,52315";-;-
2018/035.220;-;CERTEL OLARIA GERAÇÃO DE ENERGIA;Água Superficial;Barragem de nível;Cadastro apenas da barragem;Cadastro;Em andamento;-;21/12/2018;-;-;-;-;2914000;Aproveitamento hidrelétrico;Bacia Hidrográfica do Rio Taquari-Antas;Sem denominação;-;Pouso Novo;Ponto 1;"-52,17";"-29,1785";-;-
2018/035.217;-;CERTEL MOINHO VELHO GERAÇÃO DE ENERGIA S/A;Água Superficial;Barragem de nível;Cadastro apenas da barragem;Cadastro;Concluído;-;21/12/2018;04/01/2019;-;-;-;35311000;Aproveitamento hidrelétrico;Bacia Hidrográfica do Rio Taquari-Antas;Rio Forqueta;-;Putinga;Ponto 1;"-52,2161";"-29,0861";-;-
2018/035.216;-;CERTEL FOZ DO JACUTINGA GERAÇÃO DE ENERGIA S/A;Água Superficial;Barragem de nível;Cadastro apenas da barragem;Cadastro;Concluído;-;21/12/2018;21/12/2018;-;-;-;3750000;Aproveitamento hidrelétrico;Bacia Hidrográfica do Rio Taquari-Antas;Rio Forqueta;-;Putinga;Ponto 1;"-52,218";"-29,0313";-;-
2018/035.005;-;CERTEL  VALE FUNDO GERAÇÃO DE ENERGIA S/A;Água Superficial;Barragem de nível;Cadastro apenas da barragem;Cadastro;Concluído;-;19/12/2018;19/12/2018;-;-;-;8617000;Aproveitamento hidrelétrico;Bacia Hidrográfica do Rio Taquari-Antas;Rio Forqueta;-;Pouso Novo;Ponto 1;"-52,1888";"-29,1288";-;-
2018/034.982;R-000.594/2020;Certel Vale do Leite Geração de Energia S/A;Água Superficial;Barragem de nível;Cadastro apenas da barragem;Reserva de disponibilidade hídrica;Concedida;-;19/12/2018;14/02/2020;-;-;-;6098300;Aproveitamento hidrelétrico;Bacia Hidrográfica do Rio Taquari-Antas;Rio Forqueta;-;Pouso Novo;Ponto 1;"-52,186331749017";"-29,1564837956109";-;-
2018/034.955;-;Enel Brasil S.A;Água Superficial;Barragem de acumulação;Cadastro apenas da barragem;Cadastro;Em andamento;-;19/12/2018;-;-;-;-;21880000;Aproveitamento hidrelétrico;Bacia Hidrográfica do Rio Taquari-Antas;Sem denominação;-;São Valentim do Sul;Ponto 1;"-51,7138888888889";"-29,0708333333333";-;-
2018/034.380;-;MARIANO GERAÇÃO DE ENERGIA;Água Superficial;Barragem de acumulação;Cadastro apenas da barragem;Cadastro;Aguardando alterações de dados inconsistentes;-;12/12/2018;28/01/2020;-;-;-;11400;Aproveitamento hidrelétrico;Bacia Hidrográfica dos Rios Apuaê - Inhandava;Sem denominação;-;Machadinho;Ponto 1;"-51,5781712532043";"-27,6056708264654";-;-
2018/033.767;-;IDALIR PERUZZO;Água Superficial;Barragem de acumulação;Cadastro apenas da barragem;Cadastro;Concluído;-;05/12/2018;05/12/2018;-;-;-;13632;Aproveitamento hidrelétrico;Bacia Hidrográfica dos Rios Apuaê - Inhandava;Sem denominação;-;Barracão;Ponto 1;"-51,4835858345032";"-27,6533877811018";-;-
2018/033.752;-;IDALIR PERUZZO;Água Superficial;Barragem de acumulação;Cadastro apenas da barragem;Cadastro;Concluído;-;04/12/2018;04/12/2018;-;-;-;50000;Aproveitamento hidrelétrico;Bacia Hidrográfica dos Rios Apuaê - Inhandava;Rio Marmeleiro;-;Barracão;Ponto 1;"-51,4790797233582";"-27,6635368314393";-;-
2018/033.655;R-000.842/2020;Pablo Rodrigo Ferreira Romeiro;Água Superficial;Barragem de acumulação;Cadastro apenas da barragem;Reserva de disponibilidade hídrica;Concedida;-;03/12/2018;14/04/2020;-;-;-;"59171,02";Aproveitamento hidrelétrico;Bacia Hidrográfica do Rio Taquari-Antas;Sem denominação;-;Monte Alegre dos Campos;Ponto 1;"-50,6833004951477";"-28,7781918007691";-;-
2018/033.376;-;Agropecuaria Fockink Ltda;Água Superficial;Barragem de acumulação;Cadastro apenas da barragem;Cadastro;Em análise;-;29/11/2018;07/01/2020;-;-;-;246000;Aproveitamento hidrelétrico;Bacia Hidrográfica do Rio Ijuí;Sem denominação;-;Panambi;Ponto 1;"-53,4572196006775";"-28,3982335362495";-;-
2018/033.220;-;Trópico Energia Renovável LTDA;Água Superficial;Barragem de nível;Cadastro apenas da barragem;Reserva de disponibilidade hídrica;Indeferida;-;28/11/2018;12/02/2019;-;-;-;5855;Aproveitamento hidrelétrico;Bacia Hidrográfica do Alto Jacuí;Arroio Butiá;-;Soledade;Ponto 1;"-52,6786111111111";"-28,8552777777778";-;-
2018/033.167;-;Everton Alessandro Delfes;Água Superficial;Barragem de acumulação;Cadastro apenas da barragem;Cadastro;Desativado;-;27/11/2018;03/12/2018;-;-;-;50000;Aproveitamento hidrelétrico;Bacia Hidrográfica dos Rios Apuaê - Inhandava;Rio Marmeleiro;-;Barracão;Ponto 1;"-51,4786076545715";"-27,6619784242682";-;-
2018/032.914;-;COPREL Cooperativa de Geração de Energia e Desenvolvimento;Água Superficial;Barragem de nível;Cadastro apenas da barragem;Cadastro;Concluído;-;23/11/2018;23/11/2018;-;-;-;0;Aproveitamento hidrelétrico;Bacia Hidrográfica do Alto Jacuí;Rio Jacuí;-;Victor Graeff;Ponto 1;"-52,7258348464966";"-28,6717627550362";-;-
2018/032.593;-;USINA PADRE POLO LTDA - ME;Água Superficial;Barragem de nível;Cadastro apenas da barragem;Cadastro;Aguardando alterações de dados inconsistentes;-;20/11/2018;08/04/2020;-;-;-;15840;Aproveitamento hidrelétrico;Bacia Hidrográfica do Rio Passo Fundo;Sem denominação;-;Jacutinga;Ponto 1;"-52,5460839271545";"-27,6894943455994";-;-
2018/032.067;O-000.647/2020;SCHIRMER & CORREA CONSULTORIA FLORESTAL LTDA;Água Superficial;Barragem de nível;Cadastro apenas da barragem;Outorga;Concedida;-;13/11/2018;04/03/2020;-;-;-;"23884,724";Aproveitamento hidrelétrico;Bacia Hidrográfica do Rio Ijuí;Arroio Conceição;-;Boa Vista do Cadeado;Ponto 1;"-53,8602";"-28,5372";-;-
2018/031.725;-;"JCS Engenharia, Consultoria e Participações EIRELLI - EPP";Água Superficial;Barragem de nível;Cadastro apenas da barragem;Cadastro;Aguardando alterações de dados inconsistentes;-;09/11/2018;12/03/2020;-;-;-;"18403,51";Aproveitamento hidrelétrico;Bacia Hidrográfica do Baixo Jacuí;Sem denominação;-;Dom Feliciano;Ponto 1;"-52,207743";"-30,4768916666667";-;-
2018/031.548;-;SPE DALTRO FILHO GERAÇÃO DE ENERGIA LTDA;Água Superficial;Barragem de nível;Cadastro apenas da barragem;Cadastro;Aguardando formalização de documentos;-;07/11/2018;10/03/2020;-;-;-;2833;Aproveitamento hidrelétrico;Bacia Hidrográfica do Rio Taquari-Antas;Arroio da Seca;-;Imigrante;Ponto 1;"-51,7493";"-29,3301";-;-
2018/031.421;-;"JCS Engenharia, Consultoria e Participações EIRELLI - EPP";Água Superficial;Barragem de nível;Cadastro apenas da barragem;Cadastro;Aguardando alterações de dados inconsistentes;-;06/11/2018;12/03/2020;-;-;-;"63206,25";Aproveitamento hidrelétrico;Bacia Hidrográfica do Baixo Jacuí;Arroio Itaticui;-;Dom Feliciano;Ponto 1;"-52,2099403535777";"-30,4649555278681";-;-
2018/031.334;-;"JCS Engenharia, Consultoria e Participações EIRELLI - EPP";Água Superficial;Barragem de nível;Cadastro apenas da barragem;Cadastro;Aguardando formalização de documentos;-;05/11/2018;06/11/2018;-;-;-;"16615,37";Aproveitamento hidrelétrico;Bacia Hidrográfica do Rio Taquari-Antas;Arroio Contrato;-;São Francisco de Paula;Ponto 1;"-50,7559200875986";"-29,0311714873904";-;-
2018/031.022;-;PARTIALIS COMERCIO E GERAÇÃO DE ENERGIA S/A;Água Superficial;Barragem de nível;Cadastro apenas da barragem;Cadastro;Aguardando alterações de dados inconsistentes;-;31/10/2018;27/11/2019;-;-;-;6672;Aproveitamento hidrelétrico;Bacia Hidrográfica do Rio da Várzea;Rio Fortaleza;-;Erval Seco;Ponto 1;"-53,4791";"-27,465";-;-
2018/030.801;-;CGH PESSEGUEIRO GERADORA DE ENERGIA ELÉTRICA LTDA;Água Superficial;Barragem de nível;Cadastro apenas da barragem;Cadastro;Concluído;-;29/10/2018;03/12/2018;-;-;-;165000;Aproveitamento hidrelétrico;Bacia Hidrográfica do Rio Pardo;Rio Pardo;-;Barros Cassal;Ponto 1;"-52,639";"-29,1168";-;-
2018/029.901;-;Cooperativa de Geração de Energia e Desenvolvimento Social LTDA;Água Superficial;Barragem de nível;Cadastro apenas da barragem;Cadastro;Em andamento;-;17/10/2018;22/11/2018;-;-;-;"885663,019";Aproveitamento hidrelétrico;Bacia Hidrográfica dos Rios Apuaê - Inhandava;Rio Bernardo José;-;Barracão;Ponto 1;"-51,374";"-27,8196";-;-
2018/029.418;-;BME ENERGIA S/A;Água Superficial;Barragem de nível;Cadastro apenas da barragem;Cadastro;Concluído;-;11/10/2018;09/11/2018;-;-;-;"8605173,72";Aproveitamento hidrelétrico;Bacia Hidrográfica do Alto Jacuí;Rio Ivaí;-;Salto do Jacuí;Ponto 1;"-53,3192467689514";"-29,1276844380641";-;-
2018/029.400;-;COPREL Cooperativa de Geração de Energia e Desenvolvimento;Água Superficial;Barragem de nível;Cadastro apenas da barragem;Cadastro;Concluído;-;11/10/2018;23/11/2018;-;-;-;97650;Aproveitamento hidrelétrico;Bacia Hidrográfica do Alto Jacuí;Rio Pinheirinho;-;Ibirubá;Ponto 1;"-53,2519125938416";"-28,5654516388295";-;-
2018/029.387;-;Cazuza Ferreira Energética S.A.;Água Superficial;Barragem de nível;Cadastro apenas da barragem;Cadastro;Concluído;-;11/10/2018;22/11/2018;-;-;-;"366183,02";Aproveitamento hidrelétrico;Bacia Hidrográfica do Rio Taquari-Antas;Sem denominação;-;São Francisco de Paula;Ponto 1;"-50,7301211357117";"-29,0199996835034";-;-
2018/027.904;-;Bom Retiro Energia Ltda;Água Superficial;Barragem de nível;Cadastro apenas da barragem;Cadastro;Aguardando formalização de documentos;-;25/09/2018;26/09/2018;-;-;-;30000000;Aproveitamento hidrelétrico;Bacia Hidrográfica do Rio Taquari-Antas;Rio Taquari;-;Cruzeiro do Sul;Ponto 1;"-51,9508266448975";"-29,6093195353758";-;-
2018/027.635;-;ENERGETICA OTTO LTDA;Água Superficial;Barragem de nível;Cadastro apenas da barragem;Reserva de disponibilidade hídrica;Indeferida;-;20/09/2018;28/11/2018;-;-;-;"19839,79";Aproveitamento hidrelétrico;Bacia Hidrográfica do Rio da Várzea;Lajeado Grande;-;Alpestre;Ponto Barramento CGH Otto I;"-52,963063194077";"-27,2727856965279";-;-
2018/027.627;-;ENERGETICA OTTO LTDA;Água Superficial;Barragem de nível;Cadastro apenas da barragem;Reserva de disponibilidade hídrica;Indeferida;-;20/09/2018;20/09/2018;-;-;-;24455;Aproveitamento hidrelétrico;Bacia Hidrográfica do Rio da Várzea;Lajeado Grande;-;Alpestre;Ponto no Barramento da CGH Otto II;"-52,961847782135";"-27,2815227016337";-;-
2018/027.596;-;Companhia Estadual de Geração e Transmissão de Energia Elétrica;Água Superficial;Barragem de nível;Cadastro apenas da barragem;Cadastro;Aguardando alterações de dados inconsistentes;-;19/09/2018;03/05/2019;-;-;-;83000;Aproveitamento hidrelétrico;Bacia Hidrográfica do Rio Ijuí;Sem denominação;-;Eugênio de Castro;Ponto 1;"-54,2893481254578";"-28,4425062637246";-;-
2018/027.517;-;"MUXFELDT, MARIA E CIA LTDA";Água Superficial;Barragem de nível;Cadastro apenas da barragem;Cadastro;Concluído;-;19/09/2018;19/09/2018;-;-;-;88560;Aproveitamento hidrelétrico;Bacia Hidrográfica dos Rios Apuaê - Inhandava;Rio Apuaê ou Ligeiro;-;Ibiaçá;Ponto 1;"-51,9213652610779";"-28,0554312976319";-;-
2018/027.444;-;Cia. Energética Rio das Antas - UHE 14 de Julho;Água Superficial;Barragem de acumulação;Cadastro apenas da barragem;Cadastro;Concluído;-;18/09/2018;18/09/2018;-;-;-;55180000;Aproveitamento hidrelétrico;Bacia Hidrográfica do Rio Taquari-Antas;Rio das Antas;-;Cotiporã;Ponto 1;"-51,6741666666667";"-29,0652777777778";-;-
2018/027.417;-;Cia. Energética Rio das Antas - UHE Castro Alves;Água Superficial;Barragem de acumulação;Cadastro apenas da barragem;Cadastro;Concluído;-;18/09/2018;18/09/2018;-;-;-;91770000;Aproveitamento hidrelétrico;Bacia Hidrográfica do Rio Taquari-Antas;Rio das Antas;-;Nova Roma do Sul;Ponto 1;"-51,3844444444444";"-29,0058333333333";-;-
2018/027.259;-;Cia. Energética Rio das Antas - UHE Monte Claro;Água Superficial;Barragem de nível;Cadastro apenas da barragem;Cadastro;Concluído;-;17/09/2018;18/09/2018;-;-;-;11400000;Aproveitamento hidrelétrico;Bacia Hidrográfica do Rio Taquari-Antas;Rio das Antas;-;Veranópolis;Ponto 1;"-51,5219444444444";"-29,0305555555556";-;-
2018/026.360;-;AJURICABA GERADORA DE ENERGIA ELÉTRICA LTDA;Água Superficial;Barragem de nível;Cadastro apenas da barragem;Cadastro;Concluído;-;04/09/2018;04/09/2018;-;-;-;90900;Aproveitamento hidrelétrico;Bacia Hidrográfica do Rio Ijuí;Arroio Faxinal;-;Ajuricaba;Ponto 1;"-53,7701";"-28,1525";-;-
2018/025.979;R-000.643/2020;Vertente Engenharia Ltda;Água Superficial;Barragem de nível;Cadastro apenas da barragem;Reserva de disponibilidade hídrica;Concedida;-;31/08/2018;16/01/2020;-;-;-;30000;Aproveitamento hidrelétrico;Bacia Hidrográfica do Rio Taquari-Antas;Rio Vieira;-;Ipê;Ponto 1;"-51,1935424804688";"-28,8093322620687";-;-
2018/025.491;R-000.116/2018;Vertente Engenharia Ltda;Água Superficial;Barragem de nível;Cadastro apenas da barragem;Reserva de disponibilidade hídrica;Concedida;-;27/08/2018;11/12/2018;-;-;-;8000;Aproveitamento hidrelétrico;Bacia Hidrográfica do Rio Taquari-Antas;Rio Refugiado;-;Campestre da Serra;Ponto 1;"-50,9999299049377";"-28,7066990796666";-;-
2018/024.886;-;"JCS Engenharia, Consultoria e Participações EIRELLI - EPP";Água Superficial;Barragem de nível;Cadastro apenas da barragem;Cadastro;Concluído;-;20/08/2018;21/08/2018;-;-;-;"16615,37";Aproveitamento hidrelétrico;Bacia Hidrográfica do Rio Taquari-Antas;Arroio Contrato;-;São Francisco de Paula;Ponto 1;"-50,7559269542765";"-29,0311652376769";-;-
2018/023.269;-;ENERGETICA OTTO LTDA;Água Superficial;Barragem de nível;Cadastro apenas da barragem;Cadastro;Desativado;-;02/08/2018;20/09/2018;-;-;-;"20015,11";Aproveitamento hidrelétrico;Bacia Hidrográfica do Rio da Várzea;Lajeado Grande;-;Alpestre;Ponto 1;"-52,9630762963256";"-27,2728026794515";-;-
2018/023.145;O-000.298/2019;CABRAS GERADORA DE ENERGIA ELÉTRICA LTDA;Água Superficial;Barragem de nível;Cadastro apenas da barragem;Outorga;Concedida;-;01/08/2018;16/08/2019;-;-;-;59428;Aproveitamento hidrelétrico;Bacia Hidrográfica do Rio da Várzea;Rio Guarita;-;Erval Seco;Ponto 1;"-53,5697865486145";"-27,5369295059163";-;-
2018/022.736;-;ENGIE BRASIL ENERGIA S.A.;Água Superficial;Barragem de acumulação;Cadastro apenas da barragem;Cadastro;Aguardando alterações de dados inconsistentes;-;27/07/2018;04/04/2019;-;-;-;1590000000;Aproveitamento hidrelétrico;Bacia Hidrográfica do Rio Passo Fundo;Rio Passo Fundo;-;Entre Rios do Sul;Ponto 1;"-52,7412629127502";"-27,552758661097";-;-
2018/021.296;-;Hidropan Geração de Energia Elétrica S/A;Água Superficial;Barragem de acumulação;Cadastro apenas da barragem;Cadastro;Desativado;-;16/07/2018;03/12/2018;-;-;-;1732993;Aproveitamento hidrelétrico;Bacia Hidrográfica do Rio Ijuí;Lajeado Alegre;-;Condor;Ponto 1;"-53,4401254416304";"-28,199649994086";-;-
2018/020.674;-;Focchezan Energia Ltda;Água Superficial;Barragem de nível;Cadastro apenas da barragem;Cadastro;Concluído;-;11/07/2018;07/05/2020;-;-;-;85000;Aproveitamento hidrelétrico;Bacia Hidrográfica do Rio Taquari-Antas;Rio Carreiro;-;Nova Bassano;Ponto 1;"-51,8477008277841";"-28,7028853312215";-;-
2018/017.354;-;APS Construções EIRELI;Água Superficial;Barragem de nível;Cadastro apenas da barragem;Cadastro;Concluído;-;18/06/2018;18/06/2018;-;-;-;"391,19";Aproveitamento hidrelétrico;Bacia Hidrográfica do Rio Taquari-Antas;Arroio Segredinho;-;Ipê;Ponto 1;"-51,3857171892496";"-28,6990250261772";-;-
2018/016.948;-;"JCS Engenharia, Consultoria e Participações EIRELLI - EPP";Água Superficial;Barragem de nível;Cadastro apenas da barragem;Cadastro;Concluído;-;12/06/2018;13/06/2018;-;-;-;"391,19";Aproveitamento hidrelétrico;Bacia Hidrográfica do Rio Taquari-Antas;Arroio Segredinho;-;Ipê;Ponto 1;"-51,3857171892496";"-28,6990250261772";-;-
2018/014.803;-;IPE GERAÇÃO DE ENERGIA ELÉTRICA LTDA;Água Superficial;Barragem de nível;Cadastro apenas da barragem;Cadastro;Concluído;-;25/05/2018;25/05/2018;-;-;-;6000;Aproveitamento hidrelétrico;Bacia Hidrográfica do Rio Taquari-Antas;Rio Trabuco;-;Campestre da Serra;Ponto 1;"-51,2210726737976";"-28,6062634216025";-;-
2018/014.719;-;SERRA DOS CAVALINHOS I ENERGETICA SA;Água Superficial;Barragem de nível;Cadastro apenas da barragem;Outorga;Aguardando pagamento da guia;-;24/05/2018;18/02/2020;-;-;-;12210000;Aproveitamento hidrelétrico;Bacia Hidrográfica do Rio Taquari-Antas;Sem denominação;-;Monte Alegre dos Campos;Ponto 1;"-50,7297778129578";"-28,796471025244";-;-
2018/014.695;-;PEZZI ENERGETICA SA;Água Superficial;Barragem de nível;Cadastro apenas da barragem;Outorga;Aguardando pagamento da guia;-;24/05/2018;24/05/2018;-;-;-;23520000;Aproveitamento hidrelétrico;Bacia Hidrográfica do Rio Taquari-Antas;Rio das Antas;-;Bom Jesus;Ponto 1;"-50,5646395683289";"-28,7931990538675";-;-
2018/014.640;-;SERRA DOS CAVALINHOS II ENERGETICA SA;Água Superficial;Barragem de nível;Cadastro apenas da barragem;Outorga;Aguardando pagamento da guia;-;24/05/2018;23/03/2020;-;-;-;8450000;Aproveitamento hidrelétrico;Bacia Hidrográfica do Rio Taquari-Antas;Rio das Antas;-;Monte Alegre dos Campos;Ponto 1;"-50,7456564903259";"-28,7912433437793";-;-
2018/012.988;-;ENERGÉTICA CAMPOS DE CIMA DA SERRA;Água Superficial;Barragem de nível;Cadastro apenas da barragem;Cadastro;Concluído;-;11/05/2018;01/04/2019;-;-;-;27140000;Aproveitamento hidrelétrico;Bacia Hidrográfica do Rio Taquari-Antas;Sem denominação;-;São Francisco de Paula;Ponto 1;"-50,6134343147278";"-28,8068503926054";-;-
2018/012.984;-;LINHA EMÍLIA ENERGÉTICA SA;Água Superficial;Barragem de nível;Cadastro apenas da barragem;Cadastro;Concluído;-;11/05/2018;11/05/2018;-;-;-;11680000;Aproveitamento hidrelétrico;Bacia Hidrográfica do Rio Taquari-Antas;Rio Carreiro;-;Guaporé;Ponto 1;"-51,7734575271606";"-28,941312441153";-;-
2018/012.969;-;COTIPORÃ ENERGÉTICA SA;Água Superficial;Barragem de nível;Cadastro apenas da barragem;Outorga;Aguardando pagamento da guia;-;11/05/2018;07/05/2020;-;-;-;3660000;Aproveitamento hidrelétrico;Bacia Hidrográfica do Rio Taquari-Antas;Rio Carreiro;-;Cotiporã;Ponto 1;"-51,7580723762512";"-28,9637684333985";-;-
2018/017.547;-;Cooperativa de Geração de Energia e Desenvolvimento Social LTDA;Água Superficial;Barragem de nível;Cadastro apenas da barragem;Reserva de disponibilidade hídrica;Indeferida;-;11/05/2018;08/07/2019;-;-;-;"429589,88";Aproveitamento hidrelétrico;Bacia Hidrográfica do Rio Ijuí;Rio Conceição;-;Coronel Barros;Ponto 1;"-54,0438";"-28,4082";-;-
2018/012.671;O-000.598/2020;"JCS Engenharia, Consultoria e Participações EIRELLI - EPP";Água Superficial;Barragem de nível;Cadastro apenas da barragem;Outorga;Concedida;-;09/05/2018;19/03/2019;-;-;-;"2327,8";Aproveitamento hidrelétrico;Bacia Hidrográfica do Rio Taquari-Antas;Arroio Pedras Brancas;-;Campestre da Serra;Ponto 1;"-51,1296659339681";"-28,8274009259032";-;-
2018/012.255;-;CAÇADOR ENERGÉTICA SA;Água Superficial;Barragem de nível;Cadastro apenas da barragem;Outorga;Aguardando pagamento da guia;-;07/05/2018;27/03/2020;-;-;-;130000;Aproveitamento hidrelétrico;Bacia Hidrográfica do Rio Taquari-Antas;Rio Carreiro;-;Serafina Corrêa;Ponto 1;"-51,850597858429";"-28,7066614390401";-;-
2018/011.438;R-000.207/2019;SALTINHO ENERGÉTICA S/A;Água Superficial;Barragem de nível;Cadastro apenas da barragem;Reserva de disponibilidade hídrica;Concedida;-;27/04/2018;01/04/2019;-;-;-;7320000;Aproveitamento hidrelétrico;Bacia Hidrográfica do Rio Taquari-Antas;rio Ituim;-;Ipê;Ponto 1;"-51,3555693626404";"-28,6179425479724";-;-
2018/010.895;-;ALS GERAÇÃO DE ENERGIA SPE LTDA;Água Superficial;Barragem de nível;Cadastro apenas da barragem;Reserva de disponibilidade hídrica;Indeferida;-;24/04/2018;11/01/2019;-;-;-;145515;Aproveitamento hidrelétrico;Bacia Hidrográfica do Rio Taquari-Antas;Arroio Estrela;-;Estrela;Ponto 1;"-51,9060015678406";"-29,5212639574035";-;-
2018/010.797;-;Certel Rastro de Auto Geração de Energia S/A.;Água Superficial;Barragem de acumulação;Cadastro apenas da barragem;Cadastro;Concluído;-;23/04/2018;23/04/2018;-;-;-;"1565099,64";Aproveitamento hidrelétrico;Bacia Hidrográfica do Rio Taquari-Antas;Rio Forqueta;-;São José do Herval;Ponto 1;"-52,2206568717957";"-29,0650976936578";-;-
2018/010.586;-;Cazuza Ferreira Energética S.A.;Água Superficial;Barragem de acumulação;Cadastro apenas da barragem;Cadastro;Concluído;-;20/04/2018;20/04/2018;-;-;-;172100;Aproveitamento hidrelétrico;Bacia Hidrográfica do Rio Taquari-Antas;Sem denominação;-;São Francisco de Paula;Ponto 1;"-50,730721950531";"-29,021163024524";-;-
2018/010.581;-;Cooperativa de Distribuição de Energia Teutônia;Água Superficial;Barragem de acumulação;Cadastro apenas da barragem;Cadastro;Concluído;-;20/04/2018;20/04/2018;-;-;-;323200;Aproveitamento hidrelétrico;Bacia Hidrográfica do Rio Taquari-Antas;Rio Forqueta;-;Putinga;Ponto 1;"-52,2095847129822";"-29,0804385274724";-;-
2018/009.701;-;Cooperativa de Distribuição de Energia Teutônia;Água Superficial;Barragem de nível;Cadastro apenas da barragem;Cadastro;Concluído;-;13/04/2018;06/08/2019;-;-;-;118888;Aproveitamento hidrelétrico;Bacia Hidrográfica do Rio Taquari-Antas;Arroio Boa Vista;-;Estrela;Ponto 1;"-51,866045335267";"-29,4745539208389";-;-
2018/011.746;-;Respiratus Energia Ltda;Água Superficial;Barragem de nível;Cadastro apenas da barragem;Cadastro;Concluído;-;12/04/2018;02/05/2018;-;-;-;11880;Aproveitamento hidrelétrico;Bacia Hidrográfica do Rio Taquari-Antas;Arroio Barracão;-;Bento Gonçalves;Ponto 1;"-51,4769444444444";"-29,1405555555556";-;-
2018/019.843;-;CHIMARRÃO ENERGÉTICA S.A.;Água Superficial;Barragem de nível;Cadastro apenas da barragem;Cadastro;Em andamento;-;28/03/2018;-;-;-;-;3620000;Aproveitamento hidrelétrico;Bacia Hidrográfica do Rio Taquari-Antas;Sem denominação;-;Muitos Capões;Ponto 1;"-51,4024758338928";"-28,6023826502785";-;-
2018/012.310;-;CERVEJARIA PETROPOLIS DO CENTRO OESTE LTDA;Água Superficial;Barragem de nível;Cadastro apenas da barragem;Cadastro;Concluído;-;22/03/2018;07/05/2018;-;-;-;"172408,75";Aproveitamento hidrelétrico;Bacia Hidrográfica do Rio Passo Fundo;Arroio do Baú;-;Trindade do Sul;Ponto 1;"-52,8119874000549";"-27,502904327491";-;-
2018/005.528;-;Amanda Fadel;Água Superficial;Barragem de acumulação;Cadastro apenas da barragem;Reserva de disponibilidade hídrica;Indeferida;-;05/03/2018;05/03/2018;-;-;-;123456;Aproveitamento hidrelétrico;Bacia Hidrográfica do Rio Taquari-Antas;Arroio Chimarrao;-;André da Rocha;Ponto 1;"-51,5082621574402";"-28,6088630814389";-;-
2018/003.531;-;APS Construções EIRELI;Água Superficial;Barragem de nível;Cadastro apenas da barragem;Reserva de disponibilidade hídrica;Indeferida;-;09/02/2018;22/03/2019;-;-;-;"39455,75";Aproveitamento hidrelétrico;Bacia Hidrográfica do Rio Caí;Sem denominação;-;Caxias do Sul;Ponto 1;"-51,0092751160888";"-29,1671439641435";-;-
2018/003.530;R-000.738/2020;APS Construções EIRELI;Água Superficial;Barragem de nível;Cadastro apenas da barragem;Reserva de disponibilidade hídrica;Concedida;-;09/02/2018;13/12/2019;-;-;-;"10055,36";Aproveitamento hidrelétrico;Bacia Hidrográfica do Rio Caí;Rio Piai;-;Caxias do Sul;Ponto 1;"-51,015124";"-29,168654";-;-
2018/004.501;-;APS Construções EIRELI;Água Superficial;Barragem de nível;Cadastro apenas da barragem;Cadastro;Aguardando formalização de documentos;-;09/02/2018;17/10/2018;-;-;-;"22524,01";Aproveitamento hidrelétrico;Bacia Hidrográfica do Rio Caí;Rio Piai;-;Caxias do Sul;Ponto 1;"-51,0578484317457";"-29,1742686136754";-;-
2018/004.498;-;APS Construções EIRELI;Água Superficial;Barragem de nível;Cadastro apenas da barragem;Cadastro;Aguardando alterações de dados inconsistentes;-;09/02/2018;17/10/2018;-;-;-;"10179,57";Aproveitamento hidrelétrico;Bacia Hidrográfica do Rio Caí;Sem denominação;-;Caxias do Sul;Ponto 1;"-51,041886";"-29,176085";-;-
2018/002.008;-;CAÇADOR ENERGÉTICA SA;Água Superficial;Barragem de nível;Cadastro apenas da barragem;Cadastro;Em andamento;-;24/01/2018;-;-;-;-;130000;Aproveitamento hidrelétrico;Bacia Hidrográfica do Rio Taquari-Antas;Rio Carreiro;-;Serafina Corrêa;Ponto 1;"-51,8507266044617";"-28,7072636874384";-;-
2018/001.390;-;SERRA DOS CAVALINHOS I ENERGETICA SA;Água Superficial;Barragem de nível;Cadastro apenas da barragem;Cadastro;Em andamento;-;17/01/2018;-;-;-;-;12214000;Aproveitamento hidrelétrico;Bacia Hidrográfica do Rio Taquari-Antas;Sem denominação;-;Monte Alegre dos Campos;Ponto 1;"-50,7296061515808";"-28,7956436398849";-;-
2018/005.212;-;MFB PARTICIPAÇÕES LTDA - ME;Água Superficial;Barragem de nível;Cadastro apenas da barragem;Cadastro;Concluído;-;11/01/2018;02/03/2018;-;-;-;17827;Aproveitamento hidrelétrico;Bacia Hidrográfica do Rio Ijuí;Arroio Palmeiras;-;Panambi;Ponto 1;"-53,4149050712585";"-28,2453828410858";-;-
2017/040.172;-;ENERGÉTICA RIO LIGEIRO LTDA;Água Superficial;Barragem de nível;Cadastro apenas da barragem;Cadastro;Aguardando alterações de dados inconsistentes;-;19/12/2017;22/01/2020;-;-;-;"12195,97";Aproveitamento hidrelétrico;Bacia Hidrográfica dos Rios Apuaê - Inhandava;Sem denominação;-;Santa Cecília do Sul;Ponto 1;"-51,8405555555556";"-28,1827777777778";-;-
2017/039.975;-;CERVEJARIA PETROPOLIS DO CENTRO OESTE LTDA;Água Superficial;Barragem de nível;Cadastro apenas da barragem;Cadastro;Concluído;-;18/12/2017;03/05/2018;-;-;-;66360;Aproveitamento hidrelétrico;Bacia Hidrográfica do Rio Camaquã;Arroio Abranjo;-;Encruzilhada do Sul;Ponto 1;"-52,6299404804176";"-30,788137845681";-;-
2017/038.796;-;COPREL Cooperativa de Geração de Energia e Desenvolvimento;Água Superficial;Barragem de acumulação;Cadastro apenas da barragem;Cadastro;Concluído;-;08/12/2017;18/04/2019;-;-;-;1749000;Aproveitamento hidrelétrico;Bacia Hidrográfica do Alto Jacuí;Rio Jacuí;-;Victor Graeff;Ponto 1;"-52,7046132087708";"-28,6562484958429";-;-
2018/004.496;-;APS Construções EIRELI;Água Superficial;Barragem de nível;Cadastro apenas da barragem;Cadastro;Aguardando alterações de dados inconsistentes;-;23/11/2017;17/12/2019;-;-;-;"12669,2";Aproveitamento hidrelétrico;Bacia Hidrográfica do Rio Caí;Rio Piai;-;Caxias do Sul;Ponto 1;"-51,0669207572937";"-29,1830694909799";-;-
2018/004.495;-;APS Construções EIRELI;Água Superficial;Barragem de nível;Cadastro apenas da barragem;Cadastro;Aguardando alterações de dados inconsistentes;-;23/11/2017;18/02/2020;-;-;-;"6166,5";Aproveitamento hidrelétrico;Bacia Hidrográfica do Rio Caí;Arroio Caravaggio;-;Caxias do Sul;Ponto 1;"-51,0877";"-29,1797";-;-
2017/036.200;-;VALE DO TURVO HIDRELÉTRICA LTDA;Água Superficial;Barragem de nível;Cadastro apenas da barragem;Cadastro;Concluído;-;20/11/2017;21/11/2017;-;-;-;1017000;Aproveitamento hidrelétrico;Bacia Hidrográfica do Rio Taquari-Antas;Rio da Telha;-;Ipê;Ponto 1;"-51,3851380348206";"-28,6376810856578";-;-
2017/034.744;-;"LIBRAGA, BRANDÃO &CIA LTDA";Água Superficial;Barragem de nível;Cadastro apenas da barragem;Cadastro;Concluído;-;06/11/2017;07/11/2017;-;-;-;616000;Aproveitamento hidrelétrico;Bacia Hidrográfica do Alto Jacuí;Rio Colorado;-;Tapera;Ponto 1;"-52,9359483718872";"-28,629469702166";-;-
2017/034.212;-;REDE VIVO PARTICIPAÇÕES LTDA;Água Superficial;Barragem de nível;Cadastro apenas da barragem;Cadastro;Concluído;-;31/10/2017;14/11/2017;-;-;-;2720000;Aproveitamento hidrelétrico;Bacia Hidrográfica do Rio da Várzea;Rio da Varzea;-;Almirante Tamandaré do Sul;Ponto 1;"-53,0151271820068";"-28,103102185059";-;-
2017/032.326;-;Aecogeo Soluções Ambientais Ltda;Água Superficial;Barragem de acumulação;Cadastro apenas da barragem;Cadastro;Desativado;-;17/10/2017;17/10/2017;-;-;-;56921;Aproveitamento hidrelétrico;Bacia Hidrográfica do Rio Taquari-Antas;Arroio do Governador;-;Monte Alegre dos Campos;Ponto 1;"-50,6838154792786";"-28,7776651912685";-;-
2017/030.562;-;Aecogeo Soluções Ambientais Ltda;Água Superficial;Barragem de acumulação;Cadastro apenas da barragem;Outorga;Indeferida;-;28/09/2017;26/03/2019;-;-;-;"1681,8";Aproveitamento hidrelétrico;Bacia Hidrográfica do Rio Taquari-Antas;Sem denominação;-;Campestre da Serra;Ponto 1;"-51,1291666666667";"-28,8130555555556";-;-
2017/030.507;R-000.867/2020;Aecogeo Soluções Ambientais Ltda;Água Superficial;Barragem de acumulação;Cadastro apenas da barragem;Reserva de disponibilidade hídrica;Concedida;-;28/09/2017;15/04/2020;-;-;-;"5974,33";Aproveitamento hidrelétrico;Bacia Hidrográfica do Rio Taquari-Antas;Arroio Goiabal;-;Ipê;Ponto 1;"-51,1727777777778";"-28,8227777777778";-;-
2017/028.944;-;ENERBIO SERVICOS DE ENGENHARIA LTDA;Água Superficial;Barragem de nível;Cadastro apenas da barragem;Cadastro;Concluído;-;12/09/2017;12/09/2017;-;-;-;"231,365";Aproveitamento hidrelétrico;Bacia Hidrográfica do Rio da Várzea;Rio Fortaleza;-;Taquaruçu do Sul;Ponto 1;"-53,5486111111111";"-27,4161111111111";-;-
2017/028.789;R-000.741/2020;Aecogeo Soluções Ambientais Ltda;Água Superficial;Barragem de nível;Cadastro apenas da barragem;Reserva de disponibilidade hídrica;Concedida;-;11/09/2017;06/02/2020;-;-;-;17720;Aproveitamento hidrelétrico;Bacia Hidrográfica do Rio Taquari-Antas;Arroio São Tome;-;São Francisco de Paula;Ponto 1;"-50,6275";"-28,9544444444444";-;-
2017/028.734;-;FAXINAL GERAÇÃO DE ENERGIA LTDA;Água Superficial;Barragem de nível;Cadastro apenas da barragem;Cadastro;Em andamento;-;11/09/2017;11/09/2017;-;-;-;17000;Aproveitamento hidrelétrico;Bacia Hidrográfica do Rio Taquari-Antas;Arroio Faxinal;-;Ipê;Ponto 1;"-51,3538098335266";"-28,6474359766876";-;-
2017/028.651;-;SAULO SALLES BEVILACQUA NETO;Água Superficial;Barragem de nível;Cadastro apenas da barragem;Reserva de disponibilidade hídrica;Indeferida;-;11/09/2017;11/09/2018;-;-;-;"8292,62";Aproveitamento hidrelétrico;Bacia Hidrográfica do Alto Jacuí;Arroio da Reserva;-;Pinhal Grande;Ponto 1;"-53,3474";"-29,1881";-;-
2017/028.636;-;CENTRAL GERADORA HIDRELÉTRICA FORQUILHA LTDA.;Água Superficial;Barragem de nível;Cadastro apenas da barragem;Cadastro;Concluído;-;09/09/2017;12/09/2017;-;-;-;1240000;Aproveitamento hidrelétrico;Bacia Hidrográfica dos Rios Apuaê - Inhandava;Rio Forquilha ou Inhandava;-;Maximiliano de Almeida;Ponto 1;"-51,7509913444519";"-27,616204564556";-;-
2017/028.632;-;COOPERATIVA DE DESENVOLVIMENTO SOCIAL ENTRE RIOS LTDA.;Água Superficial;Barragem de nível;Cadastro apenas da barragem;Reserva de disponibilidade hídrica;Indeferida;-;09/09/2017;05/09/2019;-;-;-;280000;Aproveitamento hidrelétrico;Bacia Hidrográfica dos Rios Turvo - Santa Rosa - Santo Cristo;Sem denominação;-;Inhacorá;Ponto 1;"-54,1076445579529";"-27,8973113016424";-;-
2017/028.406;-;Paulo Roberto Benites;Água Superficial;Barragem de nível;Cadastro apenas da barragem;Cadastro;Concluído;-;06/09/2017;06/09/2017;-;-;-;"13166,02";Aproveitamento hidrelétrico;Bacia Hidrográfica do Rio Taquari-Antas;Arroio Barracão;-;Bento Gonçalves;Ponto 1;"-51,4766550064087";"-29,1405795517591";-;-
2018/019.382;-;COPREL Cooperativa de Geração de Energia e Desenvolvimento;Água Superficial;Barragem de acumulação;Cadastro apenas da barragem;Cadastro;Concluído;-;05/09/2017;18/04/2019;-;-;-;3476917;Aproveitamento hidrelétrico;Bacia Hidrográfica do Alto Jacuí;Rio Jacuí;-;Tio Hugo;Ponto 1;"-52,582197189331";"-28,5895713197703";-;-
2018/016.227;-;LINHA ONZE OESTE ENERGIA LTDA;Água Superficial;Barragem de nível;Cadastro apenas da barragem;Cadastro;Concluído;-;04/09/2017;20/02/2020;-;-;-;"1141579,48";Aproveitamento hidrelétrico;Bacia Hidrográfica do Rio Ijuí;Sem denominação;-;Coronel Barros;Ponto 1;"-54,0045792129968";"-28,3509501011811";-;-
2018/024.313;-;"MUXFELDT, MARIA E CIA LTDA";Água Superficial;Barragem de nível;Cadastro apenas da barragem;Cadastro;Concluído;-;04/09/2017;14/08/2018;-;-;-;45500;Aproveitamento hidrelétrico;Bacia Hidrográfica dos Rios Apuaê - Inhandava;Rio Apuaê ou Ligeiro;-;Tapejara;Ponto 1;"-51,9210648536682";"-28,0555449150426";-;-
2017/027.906;-;CERTEL OLARIA GERAÇÃO DE ENERGIA;Água Superficial;Barragem de nível;Cadastro apenas da barragem;Cadastro;Concluído;-;31/08/2017;28/09/2017;-;-;-;2914000;Aproveitamento hidrelétrico;Bacia Hidrográfica do Rio Taquari-Antas;Rio Forqueta;-;Pouso Novo;Ponto 1;"-52,1687";"-29,1791";-;-
2017/027.629;-;USINA HIDRELÉTRICA POERSCH LTDA.;Água Superficial;Barragem de nível;Cadastro apenas da barragem;Cadastro;Concluído;-;30/08/2017;30/08/2017;-;-;-;484920;Aproveitamento hidrelétrico;Bacia Hidrográfica dos Rios Turvo - Santa Rosa - Santo Cristo;Rio Inhacora;-;Boa Vista do Buricá;Ponto 1;"-54,1085886955261";"-27,6963342446127";-;-
2017/026.926;-;Aecogeo Soluções Ambientais Ltda;Água Superficial;Barragem de nível;Cadastro apenas da barragem;Reserva de disponibilidade hídrica;Aguardando pagamento da guia;-;24/08/2017;06/05/2020;-;-;-;6136;Aproveitamento hidrelétrico;Bacia Hidrográfica do Rio Taquari-Antas;Arroio Esteira;-;Monte Alegre dos Campos;Ponto 1;"-50,85";"-28,6736111111111";-;-
2017/026.651;R-000.866/2020;Aecogeo Soluções Ambientais Ltda;Água Superficial;Barragem de acumulação;Cadastro apenas da barragem;Reserva de disponibilidade hídrica;Concedida;-;22/08/2017;22/04/2020;-;-;-;70004;Aproveitamento hidrelétrico;Bacia Hidrográfica do Rio Taquari-Antas;Rio Vieira;-;Ipê;Ponto 1;"-51,1834788322449";"-28,8182439423207";-;-
2017/026.441;-;PRIMOS GERADORA DE ENERGIA ELETRICA LTDA;Água Superficial;Barragem de nível;Cadastro apenas da barragem;Cadastro;Concluído;-;21/08/2017;21/08/2017;-;-;-;126800;Aproveitamento hidrelétrico;Bacia Hidrográfica do Rio Ijuí;Arroio Barbosa;-;Condor;Ponto 1;"-53,6375069618225";"-28,2265162952635";-;-
2017/025.508;-;VALE DO TURVO HIDRELÉTRICA LTDA;Água Superficial;Barragem de nível;Cadastro apenas da barragem;Cadastro;Concluído;-;14/08/2017;14/11/2017;-;-;-;5000;Aproveitamento hidrelétrico;Bacia Hidrográfica do Rio Taquari-Antas;Sem denominação;-;André da Rocha;Ponto 1;"-51,4067673683166";"-28,5702760174544";-;-
2017/019.010;-;NERI LORENZ;Água Superficial;Barragem de nível;Cadastro apenas da barragem;Cadastro;Concluído;-;27/06/2017;27/06/2017;-;-;-;1365;Aproveitamento hidrelétrico;Bacia Hidrográfica dos Rios Turvo - Santa Rosa - Santo Cristo;Lajeado Grande;-;Humaitá;Ponto 1;"-53,9702725410461";"-27,5361684313799";-;-
2017/013.899;-;Cambara SA Produtos Florestais;Água Superficial;Barragem de acumulação;Cadastro apenas da barragem;Cadastro;Em andamento;-;11/05/2017;-;-;-;-;"3424728,8";"Abastecimento industrial, Aproveitamento hidrelétrico, Consumo humano";Bacia Hidrográfica do Rio Taquari-Antas;Arroio Arcada;-;Cambará do Sul;Ponto 1;"-50,055878162384";"-28,9467203492225";-;-
2017/011.290;-;ITASUL ENERGY GERAÇÃO DE ENERGIA LTDA;Água Superficial;Barragem de nível;Cadastro apenas da barragem;Cadastro;Aguardando formalização de documentos;-;30/03/2017;19/12/2019;-;-;-;"8828,78";Aproveitamento hidrelétrico;Bacia Hidrográfica dos Rios Apuaê - Inhandava;Lajeado Tigre;-;Machadinho;Ponto 1;"-51,6129326820373";"-27,5935766943117";-;-
2017/008.814;-;Hidroelétrica Palmeiras S/A;Água Superficial;Barragem de nível;Cadastro apenas da barragem;Cadastro;Concluído;-;06/03/2017;06/04/2017;-;-;-;133750000;Aproveitamento hidrelétrico;Bacia Hidrográfica do Rio Ijuí;Arroio Palmeira;-;Condor;Ponto 1;"-53,5613888888889";"-28,2488888888889";-;-
2017/005.275;-;CONQUISTA GERAÇÃO DE ENERGIA ELÉTRICA LTDA;Água Superficial;Barragem de nível;Cadastro apenas da barragem;Cadastro;Em análise;-;06/03/2017;26/03/2020;-;-;-;485000;Aproveitamento hidrelétrico;Bacia Hidrográfica do Alto Jacuí;Arroio da Ilha;-;Carazinho;Ponto 1;"-53,1211";"-28,2623";-;-
2018/002.777;-;BORTOLON AGROCOMERCIAL EIRELI;Água Superficial;Barragem de acumulação;Cadastro apenas da barragem;Cadastro;Concluído;-;30/01/2017;01/02/2018;-;-;-;"20588,4";Aproveitamento hidrelétrico;Bacia Hidrográfica dos Rios Apuaê - Inhandava;Rio Socorro;-;Vacaria;Ponto 1;"-50,856";"-28,2995";-;-
2017/000.678;-;IJUI CENTENARIA GERACAO SPE LTDA;Água Superficial;Barragem de nível;Cadastro apenas da barragem;Cadastro;Aguardando formalização de documentos;-;11/01/2017;06/05/2020;-;-;-;26759;Aproveitamento hidrelétrico;Bacia Hidrográfica do Rio Ijuí;Rio Potiribu;-;Ijuí;Ponto 1;"-53,8794412024506";"-28,3713467861906";-;-
2016/020.980;-;Primo Tedesco S.A.;Água Superficial;Barragem de nível;Cadastro apenas da barragem;Cadastro;Concluído;-;26/10/2016;28/10/2016;-;-;-;3400;Aproveitamento hidrelétrico;Bacia Hidrográfica do Alto Jacuí;Rio da Glória;-;Santo Antônio do Planalto;Ponto 1;"-52,6995491981506";"-28,4617872279147";-;-
2016/016.345;-;"JCS Engenharia, Consultoria e Participações EIRELLI - EPP";Água Superficial;Barragem de nível;Cadastro apenas da barragem;Cadastro;Concluído;-;14/09/2016;14/09/2016;-;-;-;11413;Aproveitamento hidrelétrico;Bacia Hidrográfica do Rio Caí;Arroio do Muniz;-;São Francisco de Paula;Ponto 1;"-50,7636833191645";"-29,2325831968826";-;-
2016/014.637;-;Cooperativa de Geração de Energia e Desenvolvimento Social LTDA;Água Superficial;Barragem de nível;Cadastro apenas da barragem;Cadastro;Concluído;-;30/08/2016;02/09/2016;-;-;-;2719;Aproveitamento hidrelétrico;Bacia Hidrográfica do Rio Ijuí;Arroio Conceição;-;Boa Vista do Cadeado;Ponto 1;"-53,7958333333333";"-28,5566666666667";-;-
2016/014.241;-;"JCS Engenharia, Consultoria e Participações EIRELLI - EPP";Água Superficial;Barragem de nível;Cadastro apenas da barragem;Cadastro;Concluído;-;26/08/2016;05/11/2018;-;-;-;"16615,37";Aproveitamento hidrelétrico;Bacia Hidrográfica do Rio Taquari-Antas;Arroio Contrato;-;São Francisco de Paula;Ponto 1;"-50,7560014725459";"-29,0311344094338";-;-
2016/013.809;R-000.869/2020;Hidroelétrica Sperotto Queda do Turvo Ltda;Água Superficial;Barragem de nível;Cadastro apenas da barragem;Reserva de disponibilidade hídrica;Concedida;-;23/08/2016;13/04/2020;-;-;-;210000;Aproveitamento hidrelétrico;Bacia Hidrográfica dos Rios Turvo - Santa Rosa - Santo Cristo;Rio Turvo;-;Santo Augusto;Ponto 1;"-53,6951422691345";"-27,8708722237738";-;-
2016/013.306;-;Consórcio Forqueta;Água Superficial;Barragem de acumulação;Cadastro apenas da barragem;Cadastro;Concluído;-;19/08/2016;19/08/2016;-;-;-;631900;Aproveitamento hidrelétrico;Bacia Hidrográfica do Rio Taquari-Antas;Rio Forqueta;-;Pouso Novo;Ponto 1;"-52,1866";"-29,1465";-;-
2016/013.375;-;Consórcio Forqueta;Água Superficial;Barragem de acumulação;Cadastro apenas da barragem;Cadastro;Concluído;-;18/08/2016;19/08/2016;-;-;-;29140;Aproveitamento hidrelétrico;Bacia Hidrográfica do Rio Taquari-Antas;Arroio do Meio;-;Arroio do Meio;Ponto 1;"-51,8883";"-29,3956";-;-
2016/012.894;-;Cooperativa de Geração de Energia e Desenvolvimento Social LTDA;Água Superficial;Barragem de nível;Cadastro apenas da barragem;Cadastro;Concluído;-;16/08/2016;29/08/2016;-;-;-;248100;Aproveitamento hidrelétrico;Bacia Hidrográfica do Rio Ijuí;Sem denominação;-;Boa Vista do Cadeado;Ponto 1;"-53,9716666666667";"-28,7958333333333";-;-
2016/011.951;-;Energias Complementares do Brasil Geração de Energia Elétrica S.A.;Água Superficial;Barragem de nível;Cadastro apenas da barragem;Cadastro;Concluído;-;08/08/2016;27/10/2016;-;-;-;13600000;Aproveitamento hidrelétrico;Bacia Hidrográfica do Rio Ijuí;Rio Ijuizinho;-;Eugênio de Castro;Ponto 1;"-54,2883";"-28,4431";-;-
2018/009.051;-;Jean Carlos Stahelin;Água Superficial;Barragem de nível;Cadastro apenas da barragem;Cadastro;Concluído;-;05/08/2016;08/04/2018;-;-;-;"391,19";Aproveitamento hidrelétrico;Bacia Hidrográfica do Rio Taquari-Antas;Arroio Segredinho;-;Ipê;Ponto 1;"-51,3856";"-28,6991";-;-
2016/011.218;-;HT GERAÇÃO DE ENERGIA ELÉTRICA LTDA;Água Superficial;Barragem de nível;Cadastro apenas da barragem;Cadastro;Concluído;-;28/07/2016;28/07/2016;-;-;-;15000;Aproveitamento hidrelétrico;Bacia Hidrográfica do Rio Taquari-Antas;Arroio Boa Vista;-;Teutônia;Ponto 1;"-51,7068569168224";"-29,4541607489395";-;-
2016/010.291;-;João Carlos Jacobs;Água Superficial;Barragem de nível;Cadastro apenas da barragem;Cadastro;Concluído;-;15/07/2016;15/07/2016;-;-;-;10040;Aproveitamento hidrelétrico;Bacia Hidrográfica do Rio Taquari-Antas;Arroio Guacho;-;Campestre da Serra;Ponto 1;"-51,0233";"-28,8072";-;-
2018/002.035;-;SERRA DOS CAVALINHOS II ENERGETICA SA;Água Superficial;Barragem de nível;Cadastro apenas da barragem;Cadastro;Em andamento;-;11/07/2016;24/01/2018;-;-;-;7718000;Aproveitamento hidrelétrico;Bacia Hidrográfica do Rio Taquari-Antas;Rio das Antas;-;Monte Alegre dos Campos;Ponto 1;"-50,7463431358337";"-28,7913937843194";-;-
2016/025.891;-;Conquista Geração de Energia Elétrica Ltda;Água Superficial;Barragem de nível;Cadastro apenas da barragem;Cadastro;Desativado;-;08/07/2016;08/12/2016;-;-;-;880000;Aproveitamento hidrelétrico;Bacia Hidrográfica dos Rios Apuaê - Inhandava;Rio Socorro;-;Vacaria;Ponto 1;"-50,8564";"-28,2967";-;-
2016/009.169;-;Conquista Geração de Energia Elétrica Ltda;Água Superficial;Barragem de nível;Cadastro apenas da barragem;Cadastro;Desativado;-;04/07/2016;29/08/2017;-;-;-;1470000;Aproveitamento hidrelétrico;Bacia Hidrográfica dos Rios Apuaê - Inhandava;Sem denominação;-;Vacaria;Ponto 1;"-50,8642";"-28,3217";-;-
2016/008.018;-;TRES FRONTEIRAS GERAÇÃO DE ENERGIA;Água Superficial;Barragem de nível;Cadastro apenas da barragem;Cadastro;Aguardando alterações de dados inconsistentes;-;22/06/2016;14/10/2019;-;-;-;3543000;Aproveitamento hidrelétrico;Bacia Hidrográfica do Rio Pardo;Rio Pardo;-;Gramado Xavier;Ponto 1;"-52,6818554804459";"-29,2587665674645";-;-
2016/008.016;-;TRES FRONTEIRAS GERAÇÃO DE ENERGIA;Água Superficial;Barragem de nível;Cadastro apenas da barragem;Cadastro;Aguardando alterações de dados inconsistentes;-;22/06/2016;14/10/2019;-;-;-;7835000;Aproveitamento hidrelétrico;Bacia Hidrográfica do Rio Pardo;Rio Pardo;-;Barros Cassal;Ponto 1;"-52,6704027402137";"-29,2217490373422";-;-
2016/007.976;-;TRES FRONTEIRAS GERAÇÃO DE ENERGIA;Água Superficial;Barragem de nível;Cadastro apenas da barragem;Cadastro;Aguardando alterações de dados inconsistentes;-;21/06/2016;14/10/2019;-;-;-;7344000;Aproveitamento hidrelétrico;Bacia Hidrográfica do Rio Pardo;Rio Pardo;-;Passa Sete;Ponto 1;"-52,7734939818986";"-29,442915605746";-;-
2016/007.970;-;TRES FRONTEIRAS GERAÇÃO DE ENERGIA;Água Superficial;Barragem de nível;Cadastro apenas da barragem;Cadastro;Aguardando alterações de dados inconsistentes;-;21/06/2016;17/10/2019;-;-;-;6117500;Aproveitamento hidrelétrico;Bacia Hidrográfica do Rio Pardo;Rio Pardo;-;Passa Sete;Ponto 1;"-52,7575074230542";"-29,4051850331252";-;-
2016/007.963;-;TRES FRONTEIRAS GERAÇÃO DE ENERGIA;Água Superficial;Barragem de nível;Cadastro apenas da barragem;Cadastro;Aguardando alterações de dados inconsistentes;-;21/06/2016;14/10/2019;-;-;-;3514000;Aproveitamento hidrelétrico;Bacia Hidrográfica do Rio Pardo;Rio Pardo;-;Lagoão;Ponto 1;"-52,7459475784488";"-29,3675356309659";-;-
2016/007.777;-;TRES FRONTEIRAS GERAÇÃO DE ENERGIA;Água Superficial;Barragem de nível;Cadastro apenas da barragem;Cadastro;Aguardando alterações de dados inconsistentes;-;20/06/2016;14/10/2019;-;-;-;1396000;Aproveitamento hidrelétrico;Bacia Hidrográfica do Rio Pardo;Rio Pardo;-;Lagoão;Barramento;"-52,7326841549166";"-29,3289844444486";-;-
2016/007.736;-;TRES FRONTEIRAS GERAÇÃO DE ENERGIA;Água Superficial;Barragem de nível;Cadastro apenas da barragem;Cadastro;Aguardando alterações de dados inconsistentes;-;20/06/2016;16/10/2019;-;-;-;1555000;Aproveitamento hidrelétrico;Bacia Hidrográfica do Rio Pardo;Rio Pardo;-;Sinimbu;Ponto 1;"-52,7218787358187";"-29,3180164291718";-;-
2016/006.690;-;LAGOS GERAÇÃO E COMERCIALIZAÇÃO DE ENERGIA LTDA;Água Superficial;Barragem de nível;Cadastro apenas da barragem;Cadastro;Concluído;-;31/05/2016;05/06/2016;-;-;-;5820;Aproveitamento hidrelétrico;Bacia Hidrográfica do Rio Ijuí;Arroio Cachoeira;-;Ajuricaba;Ponto 1;"-53,7413888888889";"-28,2294444444444";-;-
2017/021.935;-;CAM - CONSULTORIA AGROPECUARIA MAGRIN LTDA;Água Superficial;Barragem de nível;Cadastro apenas da barragem;Cadastro;Concluído;-;16/05/2016;21/07/2017;-;-;-;"24815,755";Aproveitamento hidrelétrico;Bacia Hidrográfica dos Rios Apuaê - Inhandava;Lajeado dos Ivos;-;Lagoa Vermelha;Centro do Barramento;"-51,5007948875427";"-28,1610057406943";-;-
2016/005.487;-;Marlon Roberto Bonamigo;Água Superficial;Barragem de nível;Cadastro apenas da barragem;Cadastro;Concluído;-;12/05/2016;12/05/2016;-;-;-;"36916,38";Aproveitamento hidrelétrico;Bacia Hidrográfica do Rio Camaquã;Arroio Maria Santa;-;Encruzilhada do Sul;Ponto 1;"-52,5497317314148";"-30,7511302512143";-;-
2016/007.016;-;Rincão Energia S.A.;Água Superficial;Barragem de nível;Cadastro apenas da barragem;Cadastro;Concluído;-;10/05/2016;06/06/2016;-;-;-;830000;Aproveitamento hidrelétrico;Bacia Hidrográfica do Rio Ijuí;Rio Ijuizinho;-;Entre-Ijuís;Ponto 1;"-54,2978";"-28,4212";-;-
2016/007.957;-;TRES FRONTEIRAS GERAÇÃO DE ENERGIA;Água Superficial;Barragem de nível;Cadastro apenas da barragem;Cadastro;Aguardando alterações de dados inconsistentes;-;04/05/2016;14/10/2019;-;-;-;5754000;Aproveitamento hidrelétrico;Bacia Hidrográfica do Rio Pardo;Rio Pardo;-;Gramado Xavier;Ponto 1;"-52,7066558699673";"-29,2907602964516";-;-
2018/007.695;-;Altair Calderoli;Água Superficial;Barragem de nível;Cadastro apenas da barragem;Cadastro;Concluído;-;12/04/2016;23/03/2018;-;-;-;57050;Aproveitamento hidrelétrico;Bacia Hidrográfica do Rio Taquari-Antas;Arroio Não Sabia;-;Vista Alegre do Prata;Ponto 1;"-51,7366";"-28,8091";-;-
2016/002.641;-;HT GERAÇÃO DE ENERGIA ELÉTRICA LTDA;Água Superficial;Barragem de nível;Cadastro apenas da barragem;Cadastro;Desativado;-;18/03/2016;28/07/2016;-;-;-;15000;Aproveitamento hidrelétrico;Bacia Hidrográfica do Rio Taquari-Antas;Arroio Boa Vista;-;Teutônia;Ponto 1;"-51,7068569168224";"-29,4541607489395";-;-
2016/001.993;-;ENERBIO SERVICOS DE ENGENHARIA LTDA;Água Superficial;Barragem de nível;Cadastro apenas da barragem;Cadastro;Concluído;-;25/02/2016;07/06/2016;-;-;-;"652185,76";Aproveitamento hidrelétrico;Bacia Hidrográfica do Alto Jacuí;Arroio Jaquirana;-;Arroio do Tigre;Ponto 1;"-53,1017088890076";"-29,2559262184363";-;-
2016/000.592;-;Paulo Soares Blessmann;Água Superficial;Barragem de nível;Cadastro apenas da barragem;Cadastro;Desativado;-;20/01/2016;11/07/2016;"0,000367";"0,000367";m³/s;10040;Aproveitamento hidrelétrico;Bacia Hidrográfica do Rio Taquari-Antas;Arroio Guacho;-;Campestre da Serra;Ponto 1;"-51,0232758522034";"-28,8071512284165";-;-
;;;;;;;;;;;;;;;;;;;;;;;;
